metric,value
Recall@5,0.9309766022380468
Precision@5,0.8177009155645784
Recall@10,0.9527466937945066
Precision@10,0.8127517802644654
Recall@20,0.9652085452695829
Precision@20,0.807942522889151
MRR,0.8767286746230997
mAP@10,0.8511510613825002
nDCG@10,0.8900131469730235
queries_evaled,19660.0
